keyword,secondary_keywords,search_intent,target_domain,article_title_template,language,urgency_level
vietnam visa urgent,emergency vietnam visa|rush vietnam visa|fast vietnam visa,transactional,vietnamvisaurgent.com,How to Get an Urgent Vietnam Visa in [X] Hours,en,high
vietnam emergency visa,urgent vietnam visa|same day vietnam visa|express vietnam visa,transactional,vietnamvisaurgent.com,Vietnam Emergency Visa: Complete Guide [Year],en,high
vietnam visa same day,urgent visa vietnam|express vietnam visa|fast track vietnam,transactional,vietnamvisaurgent.com,Same Day Vietnam Visa: Is It Possible?,en,critical
rush vietnam visa,expedited vietnam visa|quick vietnam visa|fast vietnam visa processing,transactional,vietnamvisaurgent.com,Rush Vietnam Visa Processing: What You Need to Know,en,high
vietnam visa express,fast vietnam visa|quick vietnam visa|expedited vietnam visa,transactional,vietnamvisaurgent.com,Vietnam Express Visa Service: Get Your Visa Fast,en,medium
vietnam visa 24 hours,urgent vietnam visa 24h|same day vietnam visa|quick vietnam visa,transactional,vietnamvisaurgent.com,Vietnam Visa in 24 Hours: Step-by-Step Guide,en,critical
vietnam visa 48 hours,fast vietnam visa 2 days|quick vietnam visa|express visa vietnam,transactional,vietnamvisaurgent.com,Get Your Vietnam Visa in 48 Hours: Complete Process,en,high
last minute vietnam visa,emergency vietnam visa|urgent visa vietnam|quick vietnam visa,transactional,vietnamvisaurgent.com,Last Minute Vietnam Visa: Emergency Solutions,en,critical
vietnam visa fast track,priority vietnam visa|express vietnam visa|quick processing,transactional,vietnamvisaurgent.com,Vietnam Visa Fast Track Service Explained,en,high
expedited vietnam visa,rush vietnam visa|fast vietnam visa|quick vietnam visa,transactional,vietnamvisaurgent.com,Expedited Vietnam Visa: How to Speed Up Your Application,en,high
vietnam visa urgent weekend,weekend vietnam visa|saturday vietnam visa|sunday visa vietnam,transactional,vietnamvisaurgent.com,Weekend Vietnam Visa: Emergency Saturday Processing,en,critical
vietnam visa urgent holiday,holiday vietnam visa|public holiday visa vietnam|festival visa,transactional,vietnamvisaurgent.com,Vietnam Visa During Holidays: Emergency Options,en,critical
vietnam visa urgent online,online urgent visa vietnam|fast online vietnam visa|digital express,transactional,vietnamvisaurgent.com,Urgent Vietnam Visa Online: Fastest Digital Application,en,high
vietnam visa for americans urgent,us citizen vietnam visa fast|american vietnam visa rush,transactional,vietnamvisaurgent.com,Urgent Vietnam Visa for Americans: Quick Guide,en,high
vietnam visa for uk citizens urgent,british vietnam visa fast|uk vietnam visa rush,transactional,vietnamvisaurgent.com,Urgent Vietnam Visa for UK Citizens: Fast Processing,en,high
vietnam visa for australians urgent,australian vietnam visa fast|aus vietnam visa rush,transactional,vietnamvisaurgent.com,Urgent Vietnam Visa for Australians: Express Service,en,high
vietnam visa for canadians urgent,canadian vietnam visa fast|canada vietnam visa rush,transactional,vietnamvisaurgent.com,Urgent Vietnam Visa for Canadians: Quick Options,en,high
vietnam visa for europeans urgent,eu vietnam visa fast|european vietnam visa rush,transactional,vietnamvisaurgent.com,Urgent Vietnam Visa for Europeans: Fast Processing,en,high
vietnam visa for germans urgent,german vietnam visa fast|germany vietnam visa rush,transactional,vietnamvisaurgent.com,Urgent Vietnam Visa for Germans: Express Service,en,high
vietnam visa for french urgent,french vietnam visa fast|france vietnam visa rush,transactional,vietnamvisaurgent.com,Urgent Vietnam Visa for French Citizens: Quick Guide,en,high
vietnam visa for italians urgent,italian vietnam visa fast|italy vietnam visa rush,transactional,vietnamvisaurgent.com,Urgent Vietnam Visa for Italians: Fast Processing,en,high
vietnam visa for spanish urgent,spanish vietnam visa fast|spain vietnam visa rush,transactional,vietnamvisaurgent.com,Urgent Vietnam Visa for Spanish Citizens,en,high
vietnam visa for dutch urgent,dutch vietnam visa fast|netherlands vietnam visa rush,transactional,vietnamvisaurgent.com,Urgent Vietnam Visa for Dutch Citizens,en,high
vietnam evisa urgent,fast vietnam evisa|express evisa vietnam|quick evisa,transactional,vietnamvisaurgent.com,Urgent Vietnam E-Visa: How Fast Can You Get It?,en,high
vietnam visa on arrival urgent,fast voa vietnam|express visa on arrival|quick voa,transactional,vietnamvisaurgent.com,Urgent Vietnam Visa on Arrival: What to Expect,en,high
vietnam business visa urgent,fast business visa vietnam|express business visa|rush commercial,transactional,vietnamvisaurgent.com,Urgent Vietnam Business Visa: Fast Track for Executives,en,high
vietnam tourist visa urgent,fast tourist visa vietnam|express tourist visa|quick travel visa,transactional,vietnamvisaurgent.com,Urgent Vietnam Tourist Visa: Quick Processing Guide,en,high
vietnam visa extension urgent,fast visa extension vietnam|emergency extension|quick renewal,transactional,vietnamvisaurgent.com,Urgent Vietnam Visa Extension: Emergency Options,en,high
vietnam visa renewal urgent,fast visa renewal vietnam|quick renewal|express renewal,transactional,vietnamvisaurgent.com,Urgent Vietnam Visa Renewal: Same Day Processing,en,high
vietnam visa expired help,overstay vietnam visa|expired visa help|emergency visa fix,transactional,vietnamvisaurgent.com,Vietnam Visa Expired? Emergency Solutions Guide,en,critical
vietnam visa emergency contact,vietnam visa helpline|urgent visa support|emergency assistance,informational,vietnamvisaurgent.com,Vietnam Visa Emergency Contact: Who to Call,en,critical
vietnam visa flight tomorrow,leaving tomorrow vietnam|last minute visa|flight in 24h,transactional,vietnamvisaurgent.com,Vietnam Visa with Flight Tomorrow: What to Do,en,critical
vietnam visa forgot apply,didnt get visa vietnam|no visa vietnam travel|visa not ready,transactional,vietnamvisaurgent.com,Forgot to Apply for Vietnam Visa? Emergency Options,en,critical
vietnam visa processing delay,vietnam visa taking long|visa not received|visa delayed,informational,vietnamvisaurgent.com,Vietnam Visa Processing Delay: What to Do,en,medium
vietnam visa rush fee,express processing fee|urgent visa cost|fast track price,informational,vietnamvisaurgent.com,Vietnam Visa Rush Fee: Express Processing Costs,en,medium
vietnam visa priority processing,priority vietnam visa|vip visa service|fast lane visa,transactional,vietnamvisaurgent.com,Vietnam Visa Priority Processing: VIP Service Guide,en,high
vietnam visa same day service,same day visa vietnam|instant vietnam visa|immediate visa,transactional,vietnamvisaurgent.com,Vietnam Visa Same Day Service: Instant Processing,en,critical
vietnam visa 4 hours,4 hour vietnam visa|super express visa|fastest visa vietnam,transactional,vietnamvisaurgent.com,Vietnam Visa in 4 Hours: Super Express Service,en,critical
vietnam visa 8 hours,8 hour vietnam visa|express morning visa|quick afternoon visa,transactional,vietnamvisaurgent.com,Vietnam Visa in 8 Hours: Express Processing,en,critical
urgent vietnam visa cost,emergency visa price|rush visa fee|express visa cost,informational,vietnamvisaurgent.com,Urgent Vietnam Visa Cost: All Express Fees Explained,en,high
vietnam visa emergency travel,emergency travel vietnam|urgent business trip vietnam,transactional,vietnamvisaurgent.com,Emergency Travel to Vietnam: Fast Visa Solutions,en,critical
vietnam visa death family,family emergency vietnam|bereavement travel vietnam,informational,vietnamvisaurgent.com,Vietnam Visa for Family Emergency: Compassionate Fast Track,en,critical
vietnam visa medical emergency,urgent medical vietnam|health emergency travel vietnam,informational,vietnamvisaurgent.com,Vietnam Visa for Medical Emergency: Expedited Processing,en,critical
vietnam visa business emergency,urgent business meeting vietnam|last minute conference vietnam,transactional,vietnamvisaurgent.com,Vietnam Visa for Urgent Business: Same Day Options,en,critical
vietnam visa interview urgent,urgent interview vietnam|last minute job interview vietnam,transactional,vietnamvisaurgent.com,Vietnam Visa for Urgent Job Interview,en,high
vietnam visa wedding urgent,urgent wedding vietnam|last minute wedding travel,transactional,vietnamvisaurgent.com,Vietnam Visa for Wedding: Emergency Processing,en,high
vietnam visa rejected reapply urgent,visa denied fast reapply|rejected visa urgent fix,transactional,vietnamvisaurgent.com,Vietnam Visa Rejected? Urgent Reapplication Guide,en,critical
vietnam evisa not approved urgent,evisa rejected urgent|evisa denied fast fix,transactional,vietnamvisaurgent.com,Vietnam E-Visa Not Approved? Emergency Alternatives,en,critical
vietnam visa airport emergency,arrived without visa|no visa at airport vietnam,informational,vietnamvisaurgent.com,Arrived in Vietnam Without Visa: Airport Emergency Guide,en,critical
vietnam visa late application,applied visa late|visa deadline missed|late visa help,transactional,vietnamvisaurgent.com,Late Vietnam Visa Application: Can You Still Get It?,en,high
vietnam visa next day,vietnam visa 1 day|overnight visa processing|next morning visa,transactional,vietnamvisaurgent.com,Next Day Vietnam Visa: Overnight Processing Guide,en,high
vietnam visa express service review,best urgent visa service|fastest visa agency,commercial,vietnamvisaurgent.com,Best Vietnam Express Visa Services: Reviews & Comparison,en,high
vietnam visa agency urgent,fast visa agency vietnam|express visa company|urgent visa provider,commercial,vietnamvisaurgent.com,Urgent Vietnam Visa Agencies: Top Providers,en,high
vietnam visa hotline,vietnam visa phone|call for urgent visa|visa emergency number,informational,vietnamvisaurgent.com,Vietnam Visa Hotline: Contact for Urgent Applications,en,critical
vietnam visa whatsapp,urgent visa whatsapp|fast visa contact|instant visa help,informational,vietnamvisaurgent.com,Vietnam Visa WhatsApp Support: Instant Help,en,high
vietnam visa 24/7 service,round the clock visa|overnight visa service|always open visa,transactional,vietnamvisaurgent.com,Vietnam Visa 24/7 Service: Apply Any Time,en,high