keyword,secondary_keywords,search_intent,target_domain,article_title_template,language,target_city
vietnam visa for indian,indian citizen vietnam visa|india vietnam visa requirements,transactional,vietnamvisaurgent.in,Vietnam Visa for Indian Citizens: Complete [Year] Guide,en,all
vietnam visa urgent india,emergency vietnam visa india|fast vietnam visa indian,transactional,vietnamvisaurgent.in,Urgent Vietnam Visa for Indians: Get It in 24 Hours,en,all
vietnam evisa india,india vietnam evisa online|indian evisa vietnam application,transactional,vietnamvisaurgent.in,Vietnam E-Visa for Indians: Online Application Guide,en,all
vietnam visa on arrival india,indian voa vietnam|india vietnam airport visa,informational,vietnamvisaurgent.in,Vietnam Visa on Arrival for Indians: Airport Process,en,all
vietnam visa fee india inr,vietnam visa cost indian rupees|vietnam visa price inr,informational,vietnamvisaurgent.in,Vietnam Visa Fee for Indians: Complete INR Pricing,en,all
vietnam visa documents india,vietnam visa requirements indian|india vietnam visa papers,informational,vietnamvisaurgent.in,Vietnam Visa Documents for Indians: Checklist,en,all
vietnam tourist visa india,india tourist visa vietnam|indian travel visa vietnam,informational,vietnamvisaurgent.in,Vietnam Tourist Visa for Indians: How to Apply,en,all
vietnam business visa india,india business visa vietnam|indian commercial visa vietnam,informational,vietnamvisaurgent.in,Vietnam Business Visa for Indians: Requirements,en,all
vietnam visa 30 days india,india 30 day vietnam visa|indian month visa vietnam,informational,vietnamvisaurgent.in,Vietnam 30-Day Visa for Indians: Short Stay Guide,en,all
vietnam visa 90 days india,india 90 day vietnam visa|indian 3 month vietnam,informational,vietnamvisaurgent.in,Vietnam 90-Day Visa for Indians: Extended Stay,en,all
vietnam multiple entry visa india,india multi entry vietnam|indian frequent vietnam travel,informational,vietnamvisaurgent.in,Vietnam Multiple Entry Visa for Indians,en,all
vietnam visa delhi,vietnam embassy delhi india|delhi vietnam visa application,transactional,vietnamvisaurgent.in,Vietnam Visa from Delhi: Embassy & Online Options,en,delhi
vietnam visa mumbai,vietnam consulate mumbai|mumbai vietnam visa apply,transactional,vietnamvisaurgent.in,Vietnam Visa from Mumbai: How to Apply,en,mumbai
vietnam visa bangalore,bangalore vietnam visa apply|bengaluru vietnam visa,transactional,vietnamvisaurgent.in,Vietnam Visa from Bangalore: Application Guide,en,bangalore
vietnam visa chennai,chennai vietnam visa apply|tamil nadu vietnam visa,transactional,vietnamvisaurgent.in,Vietnam Visa from Chennai: Step-by-Step,en,chennai
vietnam visa kolkata,kolkata vietnam visa apply|west bengal vietnam visa,transactional,vietnamvisaurgent.in,Vietnam Visa from Kolkata: Complete Guide,en,kolkata
vietnam visa hyderabad,hyderabad vietnam visa apply|telangana vietnam visa,transactional,vietnamvisaurgent.in,Vietnam Visa from Hyderabad: How to Get It,en,hyderabad
vietnam visa pune,pune vietnam visa apply|maharashtra vietnam visa,transactional,vietnamvisaurgent.in,Vietnam Visa from Pune: Application Process,en,pune
vietnam visa ahmedabad,ahmedabad vietnam visa|gujarat vietnam visa apply,transactional,vietnamvisaurgent.in,Vietnam Visa from Ahmedabad: Quick Guide,en,ahmedabad
vietnam visa jaipur,jaipur vietnam visa apply|rajasthan vietnam visa,transactional,vietnamvisaurgent.in,Vietnam Visa from Jaipur: How to Apply,en,jaipur
vietnam visa chandigarh,chandigarh vietnam visa|punjab vietnam visa apply,transactional,vietnamvisaurgent.in,Vietnam Visa from Chandigarh: Requirements,en,chandigarh
vietnam visa lucknow,lucknow vietnam visa apply|up vietnam visa,transactional,vietnamvisaurgent.in,Vietnam Visa from Lucknow: Application Guide,en,lucknow
vietnam visa kochi,kochi vietnam visa apply|kerala vietnam visa,transactional,vietnamvisaurgent.in,Vietnam Visa from Kochi: Step-by-Step Guide,en,kochi
vietnam visa goa,goa vietnam visa apply|goa to vietnam travel,transactional,vietnamvisaurgent.in,Vietnam Visa from Goa: Easy Application,en,goa
india to vietnam flights,flights india to vietnam|cheap flights india vietnam,informational,vietnamvisaurgent.in,India to Vietnam Flights: Routes & Best Prices,en,all
delhi to hanoi flights,flights delhi hanoi direct|delhi vietnam flight time,informational,vietnamvisaurgent.in,Delhi to Hanoi Flights: Airlines & Schedule,en,delhi
delhi to ho chi minh flights,flights delhi saigon|delhi to hcmc direct,informational,vietnamvisaurgent.in,Delhi to Ho Chi Minh City Flights: Complete Guide,en,delhi
mumbai to hanoi flights,flights mumbai hanoi|mumbai vietnam direct,informational,vietnamvisaurgent.in,Mumbai to Hanoi Flights: Routes & Airlines,en,mumbai
mumbai to ho chi minh flights,flights mumbai saigon|mumbai hcmc flight,informational,vietnamvisaurgent.in,Mumbai to Ho Chi Minh City Flights: Options,en,mumbai
bangalore to vietnam flights,flights bangalore vietnam|bengaluru hanoi flights,informational,vietnamvisaurgent.in,Bangalore to Vietnam Flights: Best Routes,en,bangalore
chennai to vietnam flights,flights chennai vietnam|chennai hanoi flights,informational,vietnamvisaurgent.in,Chennai to Vietnam Flights: Airlines & Prices,en,chennai
kolkata to vietnam flights,flights kolkata vietnam|kolkata hanoi flights,informational,vietnamvisaurgent.in,Kolkata to Vietnam Flights: Direct & Connecting,en,kolkata
hyderabad to vietnam flights,flights hyderabad vietnam|hyderabad hanoi flights,informational,vietnamvisaurgent.in,Hyderabad to Vietnam Flights: Best Options,en,hyderabad
vietnam tour package india,vietnam trip from india|vietnam holiday package indian,commercial,vietnamvisaurgent.in,Vietnam Tour Packages from India: Best Deals,en,all
vietnam honeymoon package india,vietnam honeymoon from india|romantic vietnam indian couples,commercial,vietnamvisaurgent.in,Vietnam Honeymoon Packages from India,en,all
vietnam family tour india,vietnam family trip india|vietnam with kids from india,commercial,vietnamvisaurgent.in,Vietnam Family Tour from India: Complete Guide,en,all
vietnam group tour india,vietnam group package india|vietnam tour group indian,commercial,vietnamvisaurgent.in,Vietnam Group Tours from India: Best Options,en,all
vietnam budget tour india,cheap vietnam trip india|budget vietnam from india cost,commercial,vietnamvisaurgent.in,Budget Vietnam Tour from India: Save Money,en,all
vietnam luxury tour india,luxury vietnam trip india|5 star vietnam india,commercial,vietnamvisaurgent.in,Luxury Vietnam Tours from India: Premium,en,all
vietnam 5 days tour india,5 day vietnam trip india|vietnam short trip indian,informational,vietnamvisaurgent.in,Vietnam 5-Day Tour from India: Quick Itinerary,en,all
vietnam 7 days tour india,7 day vietnam trip india|week vietnam indian,informational,vietnamvisaurgent.in,Vietnam 7-Day Tour from India: Perfect Week,en,all
vietnam 10 days tour india,10 day vietnam trip india|vietnam itinerary indian,informational,vietnamvisaurgent.in,Vietnam 10-Day Tour from India: Complete,en,all
vietnam 14 days tour india,2 week vietnam trip india|vietnam fortnight indian,informational,vietnamvisaurgent.in,Vietnam 14-Day Tour from India: Full Experience,en,all
vietnam travel guide indian,vietnam tips indian travelers|india vietnam travel advice,informational,vietnamvisaurgent.in,Vietnam Travel Guide for Indian Tourists,en,all
vietnam currency indian rupee,vnd to inr exchange|vietnam money india,informational,vietnamvisaurgent.in,Vietnam Currency: VND to INR Exchange Guide,en,all
vietnam weather for indian,best time vietnam indian|vietnam climate india travel,informational,vietnamvisaurgent.in,Vietnam Weather Guide for Indian Travelers,en,all
indian food vietnam,indian restaurants vietnam|vegetarian food vietnam indian,informational,vietnamvisaurgent.in,Indian Food in Vietnam: Where to Find It,en,all
vegetarian food vietnam,veg food vietnam|vegetarian restaurants vietnam,informational,vietnamvisaurgent.in,Vegetarian Food in Vietnam: Complete Guide,en,all
vietnam sim card indian,vietnam mobile indian tourist|vietnam data sim india,informational,vietnamvisaurgent.in,Vietnam SIM Card for Indians: Best Options,en,all
vietnam atm indian card,withdraw money vietnam india|vietnam cash indian debit,informational,vietnamvisaurgent.in,Using Indian Cards in Vietnam: ATM & Payment,en,all
vietnam shopping indian,what buy vietnam indian|vietnam souvenirs india,informational,vietnamvisaurgent.in,Vietnam Shopping Guide for Indian Tourists,en,all
vietnam safety indian,is vietnam safe indian|vietnam travel safety india,informational,vietnamvisaurgent.in,Vietnam Safety for Indian Travelers,en,all
vietnam language indian,vietnam english indian|communicate vietnam india,informational,vietnamvisaurgent.in,Language in Vietnam: Tips for Indian Tourists,en,all
hanoi indian tourist,hanoi guide indian|hanoi attractions india,informational,vietnamvisaurgent.in,Hanoi Guide for Indian Tourists,en,all
ho chi minh indian tourist,saigon guide indian|hcmc attractions india,informational,vietnamvisaurgent.in,Ho Chi Minh City Guide for Indian Tourists,en,all
da nang indian tourist,da nang guide indian|da nang beach india,informational,vietnamvisaurgent.in,Da Nang Guide for Indian Tourists,en,all
ha long bay indian,ha long bay from india|halong cruise indian,informational,vietnamvisaurgent.in,Ha Long Bay for Indian Tourists: Complete Guide,en,all
phu quoc indian tourist,phu quoc from india|phu quoc island indian,informational,vietnamvisaurgent.in,Phu Quoc Island for Indian Travelers,en,all
vietnam embassy india,vietnam embassy delhi address|vietnam consulate india,informational,vietnamvisaurgent.in,Vietnam Embassy in India: Locations & Contact,en,all
vietnam visa rejected india,vietnam visa denied indian|india vietnam visa refused,informational,vietnamvisaurgent.in,Vietnam Visa Rejected? What Indian Citizens Should Do,en,all
vietnam visa photo india,vietnam visa photo indian|visa photo requirements india,informational,vietnamvisaurgent.in,Vietnam Visa Photo for Indians: Specifications,en,all
vietnam visa processing time india,how long vietnam visa indian|india vietnam visa duration,informational,vietnamvisaurgent.in,Vietnam Visa Processing Time for Indians,en,all
vietnam visa online india,apply vietnam visa online indian|india vietnam evisa website,transactional,vietnamvisaurgent.in,Apply Vietnam Visa Online from India,en,all
vietnam visa agent india,vietnam visa service india|india vietnam visa agency,commercial,vietnamvisaurgent.in,Vietnam Visa Agents in India: Trusted Services,en,all
vietnam visa express india,fast vietnam visa indian|urgent visa vietnam india,transactional,vietnamvisaurgent.in,Express Vietnam Visa for Indians: Quick Processing,en,all
vietnam visa same day india,urgent vietnam visa indian|india vietnam visa 24 hours,transactional,vietnamvisaurgent.in,Same Day Vietnam Visa for Indians: Emergency,en,all
vietnam work visa india,vietnam employment visa indian|india work permit vietnam,informational,vietnamvisaurgent.in,Vietnam Work Visa for Indians: Employment Guide,en,all
vietnam student visa india,vietnam study visa indian|india student vietnam,informational,vietnamvisaurgent.in,Vietnam Student Visa for Indians: Study Abroad,en,all
vietnam medical visa india,vietnam healthcare visa indian|medical treatment vietnam india,informational,vietnamvisaurgent.in,Vietnam Medical Visa for Indians,en,all
vietnam transit visa india,vietnam stopover indian|india vietnam layover visa,informational,vietnamvisaurgent.in,Vietnam Transit Visa for Indians: Layover Rules,en,all
vietnam visa extension india,extend vietnam visa indian|india visa renewal vietnam,informational,vietnamvisaurgent.in,Vietnam Visa Extension for Indians in Vietnam,en,all
vietnam arrival card india,vietnam immigration form indian|india vietnam entry form,informational,vietnamvisaurgent.in,Vietnam Arrival Card: Guide for Indians,en,all
vietnam customs india,vietnam customs rules indian|india what bring vietnam,informational,vietnamvisaurgent.in,Vietnam Customs for Indian Travelers,en,all
vietnam travel insurance india,travel insurance vietnam indian|india vietnam medical insurance,informational,vietnamvisaurgent.in,Vietnam Travel Insurance for Indians,en,all
vietnam vaccination india,vaccines vietnam indian|india health requirements vietnam,informational,vietnamvisaurgent.in,Vaccinations for Vietnam: Indian Travelers Guide,en,all
vietnam packing list india,what pack vietnam indian|india vietnam travel essentials,informational,vietnamvisaurgent.in,Vietnam Packing List for Indian Travelers,en,all
vietnam vs thailand india,vietnam or thailand indian|compare vietnam thailand india,informational,vietnamvisaurgent.in,Vietnam vs Thailand: Which to Visit from India?,en,all
vietnam vs bali india,vietnam or bali indian|compare vietnam bali india,informational,vietnamvisaurgent.in,Vietnam vs Bali: Best Choice for Indian Tourists,en,all
vietnam vs singapore india,vietnam or singapore indian|compare vietnam singapore,informational,vietnamvisaurgent.in,Vietnam vs Singapore: Travel Comparison,en,all
vietnam cambodia tour india,vietnam cambodia trip indian|indochina tour india,commercial,vietnamvisaurgent.in,Vietnam & Cambodia Tour from India,en,all
vietnam thailand tour india,vietnam thailand trip indian|southeast asia tour india,commercial,vietnamvisaurgent.in,Vietnam & Thailand Tour from India,en,all
vietnam laos cambodia india,indochina tour indian|3 country tour india,commercial,vietnamvisaurgent.in,Vietnam-Laos-Cambodia Tour from India,en,all