keyword,secondary_keywords,search_intent,target_domain,article_title_template,language
vietnam visa urgent,emergency vietnam visa|rush vietnam visa|fast vietnam visa,transactional,vietnamvisaurgent.com,How to Get an Urgent Vietnam Visa in [X] Hours,en
vietnam emergency visa,urgent vietnam visa|same day vietnam visa|express vietnam visa,transactional,vietnamvisaurgent.com,Vietnam Emergency Visa: Complete Guide for [Year],en
vietnam visa same day,urgent visa vietnam|express vietnam visa|fast track vietnam,transactional,vietnamvisaurgent.com,Same Day Vietnam Visa: Is It Possible in [Year]?,en
rush vietnam visa,expedited vietnam visa|quick vietnam visa|fast vietnam visa processing,transactional,vietnamvisaurgent.com,Rush Vietnam Visa Processing: What You Need to Know,en
vietnam visa express,fast vietnam visa|quick vietnam visa|expedited vietnam visa,transactional,vietnamvisaurgent.com,Vietnam Express Visa Service: Get Your Visa Fast,en
vietnam visa 24 hours,urgent vietnam visa 24h|same day vietnam visa|quick vietnam visa,transactional,vietnamvisaurgent.com,Vietnam Visa in 24 Hours: Step-by-Step Guide,en
vietnam visa 48 hours,fast vietnam visa 2 days|quick vietnam visa|express visa vietnam,transactional,vietnamvisaurgent.com,Get Your Vietnam Visa in 48 Hours: Complete Process,en
last minute vietnam visa,emergency vietnam visa|urgent visa vietnam|quick vietnam visa,transactional,vietnamvisaurgent.com,Last Minute Vietnam Visa: Emergency Solutions,en
vietnam visa fast track,priority vietnam visa|express vietnam visa|quick processing,transactional,vietnamvisaurgent.com,Vietnam Visa Fast Track Service Explained,en
expedited vietnam visa,rush vietnam visa|fast vietnam visa|quick vietnam visa,transactional,vietnamvisaurgent.com,Expedited Vietnam Visa: How to Speed Up Your Application,en
vietnam visa for americans urgent,us citizen vietnam visa fast|american vietnam visa rush,transactional,vietnamvisaurgent.com,Urgent Vietnam Visa for Americans: Quick Guide,en
vietnam visa for uk citizens urgent,british vietnam visa fast|uk vietnam visa rush,transactional,vietnamvisaurgent.com,Urgent Vietnam Visa for UK Citizens: Fast Processing,en
vietnam visa for australians urgent,australian vietnam visa fast|aus vietnam visa rush,transactional,vietnamvisaurgent.com,Urgent Vietnam Visa for Australians: Express Service,en
vietnam visa for canadians urgent,canadian vietnam visa fast|canada vietnam visa rush,transactional,vietnamvisaurgent.com,Urgent Vietnam Visa for Canadians: Quick Options,en
vietnam evisa urgent,fast vietnam evisa|express evisa vietnam|quick evisa,transactional,vietnamvisaurgent.com,Urgent Vietnam E-Visa: How Fast Can You Get It?,en
vietnam visa on arrival urgent,fast voa vietnam|express visa on arrival|quick voa,transactional,vietnamvisaurgent.com,Urgent Vietnam Visa on Arrival: What to Expect,en
vietnam business visa urgent,fast business visa vietnam|express business visa,transactional,vietnamvisaurgent.com,Urgent Vietnam Business Visa: Fast Track for Executives,en
vietnam tourist visa urgent,fast tourist visa vietnam|express tourist visa,transactional,vietnamvisaurgent.com,Urgent Vietnam Tourist Visa: Quick Processing Guide,en
vietnam visa extension urgent,fast visa extension vietnam|emergency extension,transactional,vietnamvisaurgent.com,Urgent Vietnam Visa Extension: Emergency Options,en
vietnam visa renewal urgent,fast visa renewal vietnam|quick renewal,transactional,vietnamvisaurgent.com,Urgent Vietnam Visa Renewal: Same Day Processing,en
vietnam visa application,apply vietnam visa|vietnam visa online|get vietnam visa,informational,vietnam-visa-fast.com,Vietnam Visa Application: Complete Step-by-Step Guide,en
vietnam visa requirements,vietnam visa documents|what need vietnam visa,informational,vietnam-visa-fast.com,Vietnam Visa Requirements [Year]: Everything You Need,en
vietnam visa cost,vietnam visa fee|vietnam visa price|how much vietnam visa,informational,vietnam-visa-fast.com,Vietnam Visa Cost [Year]: All Fees Explained,en
vietnam visa processing time,how long vietnam visa|vietnam visa duration,informational,vietnam-visa-fast.com,Vietnam Visa Processing Time: What to Expect,en
vietnam evisa,vietnam e visa|electronic visa vietnam|online visa vietnam,informational,vietnam-visa-fast.com,Vietnam E-Visa Guide: Application Process Explained,en
vietnam visa on arrival,voa vietnam|vietnam airport visa|arrival visa vietnam,informational,vietnam-visa-fast.com,Vietnam Visa on Arrival: Complete Guide [Year],en
vietnam visa exemption,visa free vietnam|no visa vietnam|vietnam visa waiver,informational,vietnam-visa-fast.com,Vietnam Visa Exemption: Which Countries Qualify?,en
vietnam visa for us citizens,american vietnam visa|usa vietnam visa requirements,informational,vietnam-visa-fast.com,Vietnam Visa for US Citizens: Complete Guide,en
vietnam visa for uk citizens,british vietnam visa|uk vietnam visa requirements,informational,vietnam-visa-fast.com,Vietnam Visa for UK Citizens: Requirements & Process,en
vietnam visa for australian citizens,australian vietnam visa|aus vietnam visa,informational,vietnam-visa-fast.com,Vietnam Visa for Australians: Everything You Need,en
vietnam visa for indian citizens,indian vietnam visa|india vietnam visa requirements,informational,vietnamvisaurgent.in,Vietnam Visa for Indians: Complete Application Guide,en
vietnam visa for canadian citizens,canadian vietnam visa|canada vietnam visa,informational,vietnam-visa-fast.com,Vietnam Visa for Canadians: Requirements & Tips,en
vietnam visa for european citizens,eu vietnam visa|europe vietnam visa,informational,vietnam-visa-fast.com,Vietnam Visa for Europeans: Country-by-Country Guide,en
vietnam 30 day visa,vietnam 1 month visa|short stay vietnam visa,informational,vietnam-visa-fast.com,Vietnam 30 Day Visa: Application & Requirements,en
vietnam 90 day visa,vietnam 3 month visa|long stay vietnam visa,informational,vietnam-visa-fast.com,Vietnam 90 Day Visa: Extended Stay Options,en
vietnam multiple entry visa,vietnam multi entry visa|vietnam business visa multiple,informational,vietnam-visa-fast.com,Vietnam Multiple Entry Visa: When You Need It,en
vietnam single entry visa,vietnam one entry visa|vietnam tourist visa single,informational,vietnam-visa-fast.com,Vietnam Single Entry Visa: Complete Guide,en
vietnam business visa,vietnam work visa|vietnam commercial visa,informational,vietnam-visa-fast.com,Vietnam Business Visa: Requirements for Professionals,en
vietnam tourist visa,vietnam travel visa|vietnam holiday visa,informational,vietnam-visa-fast.com,Vietnam Tourist Visa: Everything Travelers Need to Know,en
vietnam transit visa,vietnam stopover visa|vietnam layover visa,informational,vietnam-visa-fast.com,Vietnam Transit Visa: Do You Need One?,en
vietnam visa photo requirements,vietnam visa photo size|vietnam visa picture,informational,vietnam-visa-fast.com,Vietnam Visa Photo Requirements: Exact Specifications,en
vietnam visa invitation letter,vietnam visa approval letter|vietnam visa support letter,informational,vietnam-visa-fast.com,Vietnam Visa Invitation Letter: How to Get One,en
vietnam visa rejection,vietnam visa denied|vietnam visa refused,informational,vietnam-visa-fast.com,Vietnam Visa Rejection: Common Reasons & Solutions,en
vietnam visa validity,vietnam visa expiry|how long vietnam visa valid,informational,vietnam-visa-fast.com,Vietnam Visa Validity: Understanding Your Visa Duration,en
vietnam visa extension,extend vietnam visa|vietnam visa renewal in country,informational,vietnam-visa-fast.com,Vietnam Visa Extension: How to Extend Your Stay,en
vietnam visa overstay,vietnam visa expired|overstay penalty vietnam,informational,vietnam-visa-fast.com,Vietnam Visa Overstay: Penalties & What to Do,en
vietnam airport visa,vietnam visa at airport|get visa vietnam airport,informational,vietnam-visa-fast.com,Vietnam Airport Visa: Getting Your Visa on Arrival,en
hanoi airport visa,noi bai visa on arrival|hanoi voa,informational,vietnam-visa-fast.com,Hanoi Airport Visa on Arrival: Complete Guide,en
ho chi minh airport visa,tan son nhat visa|saigon airport visa,informational,vietnam-visa-fast.com,Ho Chi Minh Airport Visa: What to Expect,en
da nang airport visa,da nang voa|danang visa on arrival,informational,vietnam-visa-fast.com,Da Nang Airport Visa on Arrival Guide,en
vietnam visa online application,apply vietnam visa online|vietnam evisa application,transactional,vietnam-visa-fast.com,Vietnam Visa Online Application: Step-by-Step,en
vietnam visa agency,vietnam visa service|vietnam visa company,commercial,vietnam-visa-fast.com,Best Vietnam Visa Agency: How to Choose,en
vietnam visa service review,vietnam visa company review|best vietnam visa service,commercial,vietnam-visa-fast.com,Vietnam Visa Services Review: Top Providers Compared,en
cheap vietnam visa,affordable vietnam visa|budget vietnam visa,transactional,vietnam-visa-fast.com,Cheap Vietnam Visa: How to Save Money,en
vietnam visa fees 2024,vietnam visa cost 2024|vietnam visa price 2024,informational,vietnam-visa-fast.com,Vietnam Visa Fees [Year]: Updated Price List,en
vietnam visa fees 2025,vietnam visa cost 2025|vietnam visa price 2025,informational,vietnam-visa-fast.com,Vietnam Visa Fees [Year]: Complete Fee Structure,en
vietnam evisa countries,vietnam evisa eligible countries|which countries vietnam evisa,informational,vietnam-visa-fast.com,Vietnam E-Visa Countries: Full Eligibility List,en
vietnam evisa requirements,vietnam evisa documents|vietnam evisa application requirements,informational,vietnam-visa-fast.com,Vietnam E-Visa Requirements: What You Need to Apply,en
vietnam evisa processing time,how long vietnam evisa|vietnam evisa duration,informational,vietnam-visa-fast.com,Vietnam E-Visa Processing Time: How Long Does It Take?,en
vietnam evisa cost,vietnam evisa fee|vietnam evisa price,informational,vietnam-visa-fast.com,Vietnam E-Visa Cost: All Fees Breakdown,en
vietnam evisa vs visa on arrival,vietnam evisa or voa|which better vietnam visa,informational,vietnam-visa-fast.com,Vietnam E-Visa vs Visa on Arrival: Which to Choose?,en
vietnam visa from usa,us vietnam visa application|american apply vietnam visa,informational,vietnam-visa-fast.com,Vietnam Visa from USA: Application Process,en
vietnam visa from uk,british vietnam visa application|uk apply vietnam visa,informational,vietnam-visa-fast.com,Vietnam Visa from UK: How to Apply,en
vietnam visa from australia,australian vietnam visa application|aus apply vietnam visa,informational,vietnam-visa-fast.com,Vietnam Visa from Australia: Complete Guide,en
vietnam visa from canada,canadian vietnam visa application|canada apply vietnam visa,informational,vietnam-visa-fast.com,Vietnam Visa from Canada: Application Steps,en
vietnam visa from india,indian vietnam visa application|india apply vietnam visa,informational,vietnamvisaurgent.in,Vietnam Visa from India: Complete Application Guide,en
vietnam visa from germany,german vietnam visa|germany vietnam visa application,informational,vietnam-visa-fast.com,Vietnam Visa from Germany: Requirements & Process,en
vietnam visa from france,french vietnam visa|france vietnam visa application,informational,vietnam-visa-fast.com,Vietnam Visa from France: How to Apply,en
vietnam visa from italy,italian vietnam visa|italy vietnam visa application,informational,vietnam-visa-fast.com,Vietnam Visa from Italy: Application Guide,en
vietnam visa from spain,spanish vietnam visa|spain vietnam visa application,informational,vietnam-visa-fast.com,Vietnam Visa from Spain: Requirements Explained,en
vietnam visa from netherlands,dutch vietnam visa|netherlands vietnam visa,informational,vietnam-visa-fast.com,Vietnam Visa from Netherlands: Complete Guide,en
vietnam visa from singapore,singapore vietnam visa|sg vietnam visa application,informational,vietnam-visa-fast.com,Vietnam Visa from Singapore: Do You Need One?,en
vietnam visa from malaysia,malaysian vietnam visa|malaysia vietnam visa,informational,vietnam-visa-fast.com,Vietnam Visa from Malaysia: Requirements & Exemptions,en
vietnam visa from thailand,thai vietnam visa|thailand vietnam visa application,informational,vietnam-visa-fast.com,Vietnam Visa from Thailand: How to Apply,en
vietnam visa from japan,japanese vietnam visa|japan vietnam visa application,informational,vietnam-visa-fast.com,Vietnam Visa from Japan: Requirements & Process,en
vietnam visa from korea,korean vietnam visa|south korea vietnam visa,informational,vietnam-visa-fast.com,Vietnam Visa from Korea: Application Guide,en
vietnam visa from china,chinese vietnam visa|china vietnam visa application,informational,vietnam-visa-fast.com,Vietnam Visa from China: Complete Requirements,en
vietnam visa from hong kong,hk vietnam visa|hong kong vietnam visa,informational,vietnam-visa-fast.com,Vietnam Visa from Hong Kong: Do You Need One?,en
vietnam visa from taiwan,taiwanese vietnam visa|taiwan vietnam visa,informational,vietnam-visa-fast.com,Vietnam Visa from Taiwan: Application Process,en
vietnam visa from philippines,filipino vietnam visa|philippines vietnam visa,informational,vietnam-visa-fast.com,Vietnam Visa from Philippines: Requirements Guide,en
vietnam visa from indonesia,indonesian vietnam visa|indonesia vietnam visa,informational,vietnam-visa-fast.com,Vietnam Visa from Indonesia: Complete Guide,en
vietnam visa for digital nomads,vietnam remote work visa|digital nomad vietnam,informational,vietnam-visa-fast.com,Vietnam Visa for Digital Nomads: Best Options,en
vietnam long term visa,vietnam extended visa|vietnam long stay visa,informational,vietnam-visa-fast.com,Vietnam Long Term Visa: Options for Extended Stays,en
vietnam work permit,vietnam working visa|vietnam employment visa,informational,vietnam-visa-fast.com,Vietnam Work Permit: Complete Application Guide,en
vietnam investor visa,vietnam investment visa|vietnam business owner visa,informational,vietnam-visa-fast.com,Vietnam Investor Visa: Requirements for Business Owners,en
vietnam student visa,vietnam study visa|vietnam education visa,informational,vietnam-visa-fast.com,Vietnam Student Visa: How to Study in Vietnam,en
vietnam retirement visa,retire in vietnam|vietnam pensioner visa,informational,vietnam-visa-fast.com,Vietnam Retirement Visa: Options for Retirees,en
vietnam family visa,vietnam dependent visa|vietnam spouse visa,informational,vietnam-visa-fast.com,Vietnam Family Visa: Bringing Your Family to Vietnam,en
vietnam medical visa,vietnam healthcare visa|medical treatment vietnam visa,informational,vietnam-visa-fast.com,Vietnam Medical Visa: For Healthcare & Treatment,en
vietnam volunteer visa,vietnam ngo visa|volunteer work vietnam visa,informational,vietnam-visa-fast.com,Vietnam Volunteer Visa: Requirements for NGO Workers,en
vietnam journalist visa,vietnam media visa|press visa vietnam,informational,vietnam-visa-fast.com,Vietnam Journalist Visa: Requirements for Media,en
do i need visa for vietnam,vietnam visa required|visa requirement vietnam,informational,vietnamtravel.help,Do I Need a Visa for Vietnam? Quick Answer,en
how to get vietnam visa,vietnam visa process|apply for vietnam visa,informational,vietnamtravel.help,How to Get a Vietnam Visa: Complete Guide,en
best time to visit vietnam,vietnam travel season|when go vietnam,informational,vietnamtravel.help,Best Time to Visit Vietnam: Month by Month Guide,en
vietnam travel requirements,vietnam entry requirements|travel to vietnam rules,informational,vietnamtravel.help,Vietnam Travel Requirements [Year]: What You Need,en
vietnam covid requirements,vietnam covid rules|vietnam pandemic travel,informational,vietnamtravel.help,Vietnam COVID Requirements: Current Entry Rules,en
vietnam customs rules,vietnam import rules|what bring vietnam,informational,vietnamtravel.help,Vietnam Customs Rules: What You Can Bring,en
vietnam currency,vietnam money|vietnamese dong exchange,informational,vietnamtravel.help,Vietnam Currency Guide: VND Exchange & Tips,en
vietnam travel tips,vietnam tourist tips|visiting vietnam advice,informational,vietnamtravel.help,Vietnam Travel Tips: 25 Things to Know Before You Go,en
vietnam itinerary,vietnam travel plan|vietnam trip planning,informational,vietnamtravel.help,Vietnam Itinerary: Best Routes for Your Trip,en
vietnam 1 week itinerary,7 days vietnam|one week vietnam trip,informational,vietnamtravel.help,Vietnam 1 Week Itinerary: Best 7 Day Route,en
vietnam 2 week itinerary,14 days vietnam|two weeks vietnam trip,informational,vietnamtravel.help,Vietnam 2 Week Itinerary: Perfect 14 Day Plan,en
vietnam 3 week itinerary,21 days vietnam|three weeks vietnam,informational,vietnamtravel.help,Vietnam 3 Week Itinerary: Complete 21 Day Guide,en
vietnam 1 month itinerary,30 days vietnam|one month vietnam trip,informational,vietnamtravel.help,Vietnam 1 Month Itinerary: Ultimate 30 Day Plan,en
hanoi travel guide,visit hanoi|hanoi tourist guide,informational,vietnamtravel.help,Hanoi Travel Guide: Best Things to Do & See,en
ho chi minh travel guide,saigon travel guide|visit ho chi minh city,informational,vietnamtravel.help,Ho Chi Minh City Travel Guide: Complete Guide,en
da nang travel guide,visit da nang|da nang tourist guide,informational,vietnamtravel.help,Da Nang Travel Guide: Beaches & Attractions,en
hoi an travel guide,visit hoi an|hoi an tourist guide,informational,vietnamtravel.help,Hoi An Travel Guide: Ancient Town Explored,en
ha long bay travel guide,visit ha long bay|halong bay tourist guide,informational,vietnamtravel.help,Ha Long Bay Travel Guide: Cruises & Tips,en
sapa travel guide,visit sapa|sapa trekking guide,informational,vietnamtravel.help,Sapa Travel Guide: Trekking & Rice Terraces,en
nha trang travel guide,visit nha trang|nha trang beach guide,informational,vietnamtravel.help,Nha Trang Travel Guide: Beaches & Islands,en
phu quoc travel guide,visit phu quoc|phu quoc island guide,informational,vietnamtravel.help,Phu Quoc Travel Guide: Island Paradise Guide,en
hue travel guide,visit hue|hue imperial city guide,informational,vietnamtravel.help,Hue Travel Guide: Imperial City & Tombs,en
mekong delta travel guide,visit mekong delta|mekong delta tour,informational,vietnamtravel.help,Mekong Delta Travel Guide: River Life Explored,en
vietnam food guide,vietnamese cuisine|what eat vietnam,informational,vietnamtravel.help,Vietnam Food Guide: Must-Try Dishes,en
vietnam street food,vietnamese street food|best street food vietnam,informational,vietnamtravel.help,Vietnam Street Food: 20 Must-Try Dishes,en
pho vietnam,vietnamese pho|best pho vietnam,informational,vietnamtravel.help,Pho Guide: Vietnam's Famous Noodle Soup,en
banh mi vietnam,vietnamese sandwich|best banh mi vietnam,informational,vietnamtravel.help,Banh Mi Guide: Vietnam's Perfect Sandwich,en
vietnam coffee,vietnamese coffee|ca phe sua da,informational,vietnamtravel.help,Vietnam Coffee Guide: From Bean to Cup,en
vietnam nightlife,vietnam bars|vietnam clubs,informational,vietnamtravel.help,Vietnam Nightlife: Best Bars & Clubs,en
vietnam shopping,what buy vietnam|vietnam souvenirs,informational,vietnamtravel.help,Vietnam Shopping Guide: What to Buy & Where,en
vietnam beaches,best beaches vietnam|vietnam beach destinations,informational,vietnamtravel.help,Vietnam Beaches: Top 15 Coastal Destinations,en
vietnam islands,best islands vietnam|vietnam island hopping,informational,vietnamtravel.help,Vietnam Islands: Complete Guide to Paradise,en
vietnam mountains,vietnam highlands|vietnam trekking destinations,informational,vietnamtravel.help,Vietnam Mountains: Best Highland Destinations,en
vietnam national parks,vietnam nature reserves|vietnam wildlife,informational,vietnamtravel.help,Vietnam National Parks: Nature & Wildlife Guide,en
vietnam temples,vietnam pagodas|vietnam religious sites,informational,vietnamtravel.help,Vietnam Temples: Most Sacred Sites to Visit,en
vietnam museums,vietnam history museums|vietnam war museums,informational,vietnamtravel.help,Vietnam Museums: History & Culture Explored,en
vietnam war sites,vietnam war history|cu chi tunnels|dmz vietnam,informational,vietnamtravel.help,Vietnam War Sites: Historical Locations Guide,en
vietnam honeymoon,vietnam romantic trip|honeymoon destinations vietnam,informational,vietnamtravel.help,Vietnam Honeymoon: Most Romantic Destinations,en
vietnam family travel,vietnam with kids|family trip vietnam,informational,vietnamtravel.help,Vietnam Family Travel: Kid-Friendly Guide,en
vietnam solo travel,solo trip vietnam|traveling alone vietnam,informational,vietnamtravel.help,Vietnam Solo Travel: Complete Safety Guide,en
vietnam backpacking,backpacker vietnam|budget travel vietnam,informational,vietnamtravel.help,Vietnam Backpacking: Budget Travel Guide,en
vietnam luxury travel,luxury vietnam trip|5 star vietnam,informational,vietnamtravel.help,Vietnam Luxury Travel: Premium Experiences,en
vietnam adventure travel,vietnam outdoor activities|vietnam extreme sports,informational,vietnamtravel.help,Vietnam Adventure Travel: Thrilling Activities,en
vietnam motorcycle trip,vietnam motorbike tour|hai van pass,informational,vietnamtravel.help,Vietnam Motorcycle Trip: Route Planning Guide,en
vietnam train travel,vietnam railway|train hanoi to ho chi minh,informational,vietnamtravel.help,Vietnam Train Travel: Complete Rail Guide,en
vietnam bus travel,vietnam bus routes|sleeper bus vietnam,informational,vietnamtravel.help,Vietnam Bus Travel: Routes & Booking Guide,en
vietnam domestic flights,vietnam internal flights|fly within vietnam,informational,vietnamtravel.help,Vietnam Domestic Flights: Airlines & Routes,en
hanoi to ho chi minh,hanoi saigon travel|north south vietnam,informational,vietnamtravel.help,Hanoi to Ho Chi Minh: Best Ways to Travel,en
hanoi to ha long bay,hanoi halong trip|getting to ha long bay,informational,vietnamtravel.help,Hanoi to Ha Long Bay: Transport Options,en
hanoi to sapa,hanoi sapa trip|getting to sapa,informational,vietnamtravel.help,Hanoi to Sapa: How to Get There,en
ho chi minh to mekong delta,saigon mekong trip|mekong delta from saigon,informational,vietnamtravel.help,Ho Chi Minh to Mekong Delta: Day Trip Guide,en
da nang to hoi an,da nang hoi an trip|getting to hoi an,informational,vietnamtravel.help,Da Nang to Hoi An: Transport Options,en
vietnam sim card,vietnam mobile data|vietnam phone sim,informational,vietnamtravel.help,Vietnam SIM Card: Best Options for Tourists,en
vietnam wifi,vietnam internet|wifi in vietnam,informational,vietnamtravel.help,Vietnam WiFi: Staying Connected Guide,en
vietnam atm,vietnam cash withdrawal|atm fees vietnam,informational,vietnamtravel.help,Vietnam ATM Guide: Cash & Banking Tips,en
vietnam tipping,tipping in vietnam|vietnam gratuity,informational,vietnamtravel.help,Vietnam Tipping Guide: When & How Much,en
vietnam safety,is vietnam safe|vietnam travel safety,informational,vietnamtravel.help,Vietnam Safety: Is It Safe to Visit?,en
vietnam scams,vietnam tourist scams|avoid scams vietnam,informational,vietnamtravel.help,Vietnam Scams: How to Protect Yourself,en
vietnam weather,vietnam climate|best weather vietnam,informational,vietnamtravel.help,Vietnam Weather: Climate Guide by Region,en
vietnam rainy season,vietnam monsoon|wet season vietnam,informational,vietnamtravel.help,Vietnam Rainy Season: What to Expect,en
vietnam dry season,vietnam winter|best time visit vietnam,informational,vietnamtravel.help,Vietnam Dry Season: Perfect Travel Weather,en
vietnam packing list,what pack vietnam|vietnam travel essentials,informational,vietnamtravel.help,Vietnam Packing List: Essential Items to Bring,en
vietnam travel insurance,insurance for vietnam trip|vietnam medical insurance,informational,vietnamtravel.help,Vietnam Travel Insurance: Do You Need It?,en
vietnam vaccinations,vietnam health requirements|vaccines for vietnam,informational,vietnamtravel.help,Vietnam Vaccinations: Required & Recommended,en
vietnam language,vietnamese phrases|basic vietnamese tourists,informational,vietnamtravel.help,Vietnam Language Guide: Essential Phrases,en
vietnam culture,vietnamese customs|vietnam etiquette,informational,vietnamtravel.help,Vietnam Culture: Customs & Etiquette Guide,en
vietnam holidays,vietnamese festivals|vietnam public holidays,informational,vietnamtravel.help,Vietnam Holidays: Festivals & Celebrations,en
tet vietnam,vietnamese new year|tet holiday vietnam,informational,vietnamtravel.help,Tet Vietnam: Lunar New Year Celebration Guide,en
vietnam hotels,best hotels vietnam|where stay vietnam,informational,vietnamtravel.help,Vietnam Hotels: Best Places to Stay,en
vietnam hostels,budget accommodation vietnam|backpacker hostels vietnam,informational,vietnamtravel.help,Vietnam Hostels: Budget Accommodation Guide,en
vietnam resorts,luxury resorts vietnam|beach resorts vietnam,informational,vietnamtravel.help,Vietnam Resorts: Top Luxury Properties,en
vietnam homestays,vietnam local stay|authentic vietnam accommodation,informational,vietnamtravel.help,Vietnam Homestays: Authentic Local Experience,en
vietnam airport transfer,vietnam airport taxi|airport to city vietnam,informational,vietnamtravel.help,Vietnam Airport Transfer: Getting to Your Hotel,en
grab vietnam,grab app vietnam|vietnam ride hailing,informational,vietnamtravel.help,Grab Vietnam: How to Use the App,en
vietnam taxi,taxi apps vietnam|vietnam taxi tips,informational,vietnamtravel.help,Vietnam Taxi Guide: Apps & Tips,en
vietnam urgent visa indian,india vietnam urgent visa|fast vietnam visa india,transactional,vietnamvisaurgent.in,Urgent Vietnam Visa for Indian Citizens: Fast Track,en
vietnam visa india,indian citizen vietnam visa|india to vietnam visa,informational,vietnamvisaurgent.in,Vietnam Visa for Indian Citizens: Complete Guide,en
vietnam evisa india,india vietnam evisa|indian evisa vietnam,informational,vietnamvisaurgent.in,Vietnam E-Visa for Indians: Online Application,en
vietnam visa on arrival india,indian voa vietnam|india vietnam voa,informational,vietnamvisaurgent.in,Vietnam Visa on Arrival for Indians: Process Guide,en
vietnam visa fee india,vietnam visa cost india|india vietnam visa price,informational,vietnamvisaurgent.in,Vietnam Visa Fee for Indians: Complete Pricing,en
vietnam business visa india,india business visa vietnam|indian commercial visa vietnam,informational,vietnamvisaurgent.in,Vietnam Business Visa for Indians: Requirements,en
vietnam tourist visa india,india tourist visa vietnam|indian travel visa vietnam,informational,vietnamvisaurgent.in,Vietnam Tourist Visa for Indians: Application Guide,en
vietnam visa delhi,vietnam embassy delhi|delhi vietnam visa application,informational,vietnamvisaurgent.in,Vietnam Visa from Delhi: Embassy & E-Visa Options,en
vietnam visa mumbai,vietnam consulate mumbai|mumbai vietnam visa,informational,vietnamvisaurgent.in,Vietnam Visa from Mumbai: How to Apply,en
vietnam visa chennai,vietnam consulate chennai|chennai vietnam visa,informational,vietnamvisaurgent.in,Vietnam Visa from Chennai: Application Process,en
vietnam visa kolkata,vietnam consulate kolkata|kolkata vietnam visa,informational,vietnamvisaurgent.in,Vietnam Visa from Kolkata: Requirements Guide,en
vietnam visa bangalore,bangalore vietnam visa|bengaluru vietnam visa,informational,vietnamvisaurgent.in,Vietnam Visa from Bangalore: Step-by-Step Guide,en
vietnam visa hyderabad,hyderabad vietnam visa|telangana vietnam visa,informational,vietnamvisaurgent.in,Vietnam Visa from Hyderabad: Application Tips,en
india to vietnam flight,flights india vietnam|cheap flights india vietnam,informational,vietnamvisaurgent.in,India to Vietnam Flights: Routes & Airlines,en
delhi to hanoi,flights delhi hanoi|delhi vietnam direct,informational,vietnamvisaurgent.in,Delhi to Hanoi: Flight Options & Tips,en
mumbai to ho chi minh,flights mumbai saigon|mumbai vietnam flights,informational,vietnamvisaurgent.in,Mumbai to Ho Chi Minh City: Flight Guide,en
vietnam tour from india,india vietnam package|vietnam trip from india,informational,vietnamvisaurgent.in,Vietnam Tour from India: Best Packages,en
vietnam honeymoon from india,india vietnam honeymoon|romantic vietnam india,informational,vietnamvisaurgent.in,Vietnam Honeymoon from India: Planning Guide,en
vietnam budget trip india,cheap vietnam trip india|budget vietnam from india,informational,vietnamvisaurgent.in,Vietnam Budget Trip from India: Cost Guide,en
vietnam travel guide indian,vietnam tips indian travelers|india vietnam travel,informational,vietnamvisaurgent.in,Vietnam Travel Guide for Indian Tourists,en
indian food vietnam,indian restaurants vietnam|vegetarian food vietnam,informational,vietnamvisaurgent.in,Indian Food in Vietnam: Where to Find It,en
vietnam currency india,vnd to inr|vietnam money indian rupee,informational,vietnamvisaurgent.in,Vietnam Currency for Indians: VND to INR Guide,en
越南签证,越南签证申请|越南电子签证,informational,xn--vyzo38a.com,越南签证申请指南：中国公民完整攻略,zh
越南签证加急,越南紧急签证|越南快速签证,transactional,xn--vyzo38a.com,越南签证加急办理：24小时出签服务,zh
越南电子签证,越南evisa|越南在线签证,informational,xn--vyzo38a.com,越南电子签证(E-Visa)：在线申请指南,zh
越南落地签,越南机场签证|越南落地签证,informational,xn--vyzo38a.com,越南落地签证：机场办理完整攻略,zh
越南签证费用,越南签证多少钱|越南签证价格,informational,xn--vyzo38a.com,越南签证费用：最新价格表,zh
越南签证照片要求,越南签证照片尺寸|越南签证相片,informational,xn--vyzo38a.com,越南签证照片要求：规格与注意事项,zh
越南旅游签证,越南观光签证|越南游客签证,informational,xn--vyzo38a.com,越南旅游签证：申请流程详解,zh
越南商务签证,越南工作签证|越南商业签证,informational,xn--vyzo38a.com,越南商务签证：企业人员申请指南,zh
越南签证有效期,越南签证多久|越南签证时间,informational,xn--vyzo38a.com,越南签证有效期：停留时间说明,zh
越南签证延期,越南签证续签|越南签证延长,informational,xn--vyzo38a.com,越南签证延期：在越南境内办理指南,zh
中国去越南签证,中国公民越南签证|中国人越南签证,informational,xn--vyzo38a.com,中国公民越南签证：完整申请攻略,zh
越南签证北京,北京越南大使馆|北京办越南签证,informational,xn--vyzo38a.com,北京办理越南签证：大使馆地址与流程,zh
越南签证上海,上海越南领事馆|上海办越南签证,informational,xn--vyzo38a.com,上海办理越南签证：领事馆申请指南,zh
越南签证广州,广州越南领事馆|广州办越南签证,informational,xn--vyzo38a.com,广州办理越南签证：南方申请攻略,zh
越南签证深圳,深圳越南签证|深圳去越南,informational,xn--vyzo38a.com,深圳办理越南签证：口岸与电子签选择,zh
越南签证香港,香港越南签证|香港去越南,informational,xn--vyzo38a.com,香港居民越南签证：免签与申请指南,zh
越南签证澳门,澳门越南签证|澳门去越南,informational,xn--vyzo38a.com,澳门居民越南签证：申请流程详解,zh
越南签证台湾,台湾越南签证|台湾去越南,informational,xn--vyzo38a.com,台湾居民越南签证：申请要求与流程,zh
越南旅游攻略,越南自由行|越南旅游指南,informational,xn--vyzo38a.com,越南旅游攻略：最全自由行指南,zh
河内旅游,河内景点|河内攻略,informational,xn--vyzo38a.com,河内旅游攻略：必游景点与美食,zh
胡志明市旅游,西贡旅游|胡志明景点,informational,xn--vyzo38a.com,胡志明市旅游攻略：南部城市探索,zh
岘港旅游,岘港海滩|岘港攻略,informational,xn--vyzo38a.com,岘港旅游攻略：海滩与美食指南,zh
会安古镇,会安旅游|会安攻略,informational,xn--vyzo38a.com,会安古镇攻略：世界遗产探索,zh
下龙湾旅游,下龙湾游船|下龙湾攻略,informational,xn--vyzo38a.com,下龙湾旅游攻略：世界奇观游览指南,zh
芽庄旅游,芽庄海滩|芽庄攻略,informational,xn--vyzo38a.com,芽庄旅游攻略：海岛度假完整指南,zh
富国岛旅游,富国岛攻略|富国岛酒店,informational,xn--vyzo38a.com,富国岛旅游攻略：热带天堂探索,zh
沙巴旅游,沙巴梯田|沙巴徒步,informational,xn--vyzo38a.com,沙巴旅游攻略：梯田与少数民族文化,zh
越南美食,越南河粉|越南菜,informational,xn--vyzo38a.com,越南美食指南：必吃十大美食,zh
越南咖啡,越南滴漏咖啡|越南椰奶咖啡,informational,xn--vyzo38a.com,越南咖啡文化：品味独特滴漏咖啡,zh
越南货币,越南盾汇率|越南换钱,informational,xn--vyzo38a.com,越南货币指南：越南盾兑换攻略,zh
越南天气,越南最佳旅游时间|越南气候,informational,xn--vyzo38a.com,越南天气指南：最佳旅游季节推荐,zh
越南机票,中国越南机票|便宜越南机票,informational,xn--vyzo38a.com,越南机票攻略：如何买到便宜机票,zh
越南酒店,越南住宿|越南酒店推荐,informational,xn--vyzo38a.com,越南酒店推荐：各档次住宿指南,zh
越南电话卡,越南sim卡|越南上网,informational,xn--vyzo38a.com,越南电话卡攻略：游客SIM卡选择,zh
越南交通,越南出租车|越南Grab,informational,xn--vyzo38a.com,越南交通指南：出行方式详解,zh
越南购物,越南特产|越南纪念品,informational,xn--vyzo38a.com,越南购物攻略：必买特产与纪念品,zh
越南安全,越南治安|越南旅游安全吗,informational,xn--vyzo38a.com,越南安全指南：旅游注意事项,zh
越南签证代办,越南签证中介|越南签证服务,commercial,xn--vyzo38a.com,越南签证代办服务：专业快速办理,zh
越南多次入境签证,越南多次签证|越南频繁往返,informational,xn--vyzo38a.com,越南多次入境签证：商务人士首选,zh
越南签证拒签,越南签证被拒|越南签证失败,informational,xn--vyzo38a.com,越南签证拒签原因与应对方法,zh
越南工作签证,越南劳动许可|越南工作许可,informational,xn--vyzo38a.com,越南工作签证：外籍人士就业指南,zh
越南投资签证,越南投资者签证|越南商业投资,informational,xn--vyzo38a.com,越南投资签证：企业家申请攻略,zh
越南学生签证,越南留学签证|越南读书签证,informational,xn--vyzo38a.com,越南学生签证：留学申请指南,zh
越南探亲签证,越南家属签证|越南亲属访问,informational,xn--vyzo38a.com,越南探亲签证：家庭团聚申请流程,zh
vietnam visa urgent weekend,weekend vietnam visa|saturday vietnam visa,transactional,vietnamvisaurgent.com,Weekend Vietnam Visa: Emergency Saturday Processing,en
vietnam visa urgent holiday,holiday vietnam visa|public holiday visa vietnam,transactional,vietnamvisaurgent.com,Vietnam Visa During Holidays: Emergency Options,en
vietnam visa urgent online,online urgent visa vietnam|fast online vietnam visa,transactional,vietnamvisaurgent.com,Urgent Vietnam Visa Online: Fastest Digital Application,en
vietnam visa application rejected appeal,vietnam visa denial appeal|reapply vietnam visa,informational,vietnam-visa-fast.com,Vietnam Visa Rejection Appeal: How to Reapply Successfully,en
vietnam visa for cruise passengers,cruise ship vietnam visa|vietnam cruise requirements,informational,vietnam-visa-fast.com,Vietnam Visa for Cruise Passengers: Port Entry Guide,en
vietnam visa group application,group visa vietnam|tour group vietnam visa,informational,vietnam-visa-fast.com,Vietnam Group Visa: Applications for Tour Groups,en
vietnam visa children,vietnam visa minors|kids vietnam visa requirements,informational,vietnam-visa-fast.com,Vietnam Visa for Children: Requirements & Tips,en
vietnam visa elderly,senior vietnam visa|elderly travel vietnam,informational,vietnam-visa-fast.com,Vietnam Visa for Seniors: Special Considerations,en
vietnam dual citizenship visa,dual nationality vietnam visa|two passports vietnam,informational,vietnam-visa-fast.com,Vietnam Visa for Dual Citizens: Which Passport to Use,en
vietnam visa frequent travelers,frequent visitor vietnam|regular vietnam travel,informational,vietnam-visa-fast.com,Vietnam Visa for Frequent Travelers: Best Options,en
vietnam visa layover,vietnam transit requirements|stopover vietnam airport,informational,vietnam-visa-fast.com,Vietnam Visa for Layovers: Do You Need One?,en
vietnam visa land border,vietnam border crossing visa|vietnam laos border visa,informational,vietnam-visa-fast.com,Vietnam Visa at Land Borders: Crossing Points Guide,en
vietnam cambodia border visa,vietnam cambodia crossing|moc bai border visa,informational,vietnam-visa-fast.com,Vietnam-Cambodia Border Visa: Complete Guide,en
vietnam laos border visa,vietnam laos crossing|lao bao border visa,informational,vietnam-visa-fast.com,Vietnam-Laos Border Visa: Crossing Points,en
vietnam china border visa,vietnam china crossing|mong cai border visa,informational,vietnam-visa-fast.com,Vietnam-China Border Visa: Land Entry Guide,en
vietnam visa application status,check vietnam visa status|track vietnam visa,informational,vietnam-visa-fast.com,Check Vietnam Visa Status: How to Track Your Application,en
vietnam visa pickup,collect vietnam visa|vietnam visa ready,informational,vietnam-visa-fast.com,Vietnam Visa Pickup: Collection Points & Process,en
vietnam embassy visa,vietnam embassy application|embassy visa vietnam,informational,vietnam-visa-fast.com,Vietnam Embassy Visa: Traditional Application Process,en
vietnam consulate visa,vietnam consulate application|consulate visa vietnam,informational,vietnam-visa-fast.com,Vietnam Consulate Visa: Where to Apply,en
vietnam visa stamping fee,vietnam visa stamp cost|airport stamping fee vietnam,informational,vietnam-visa-fast.com,Vietnam Visa Stamping Fee: Airport Costs Explained,en
vietnam visa service fee,vietnam visa agency fee|visa service cost vietnam,informational,vietnam-visa-fast.com,Vietnam Visa Service Fees: What You're Paying For,en
vietnam visa official website,official vietnam visa|government vietnam visa site,informational,vietnam-visa-fast.com,Official Vietnam Visa Website: Government Portal Guide,en
vietnam immigration,vietnam immigration rules|vietnam entry immigration,informational,vietnam-visa-fast.com,Vietnam Immigration: Entry Process Explained,en
vietnam customs declaration,vietnam arrival card|vietnam customs form,informational,vietnam-visa-fast.com,Vietnam Customs Declaration: What to Declare,en
vietnam arrival card,vietnam entry form|vietnam immigration card,informational,vietnam-visa-fast.com,Vietnam Arrival Card: How to Fill It Out,en
vietnam departure,vietnam exit requirements|leaving vietnam,informational,vietnam-visa-fast.com,Departing Vietnam: Exit Requirements & Tips,en
vietnam visa news,vietnam visa updates|vietnam visa changes 2025,informational,vietnam-visa-fast.com,Vietnam Visa News: Latest Policy Updates,en
vietnam visa policy 2025,vietnam visa rules 2025|new vietnam visa policy,informational,vietnam-visa-fast.com,Vietnam Visa Policy [Year]: Current Regulations,en
vietnam 45 day evisa,vietnam evisa 45 days|extended evisa vietnam,informational,vietnam-visa-fast.com,Vietnam 45-Day E-Visa: Extended Stay Option,en
vietnam 90 day evisa,vietnam evisa 90 days|3 month evisa vietnam,informational,vietnam-visa-fast.com,Vietnam 90-Day E-Visa: Long Stay Digital Visa,en
vietnam visa vs evisa,difference visa evisa vietnam|which vietnam visa type,informational,vietnam-visa-fast.com,Vietnam Visa vs E-Visa: Understanding the Difference,en
best vietnam visa service,top vietnam visa agency|recommended visa service,commercial,vietnam-visa-fast.com,Best Vietnam Visa Services: Top Providers Ranked,en
vietnam visa scam,vietnam visa fraud|fake vietnam visa website,informational,vietnam-visa-fast.com,Vietnam Visa Scams: How to Avoid Fraud,en
legitimate vietnam visa,real vietnam visa site|trustworthy visa service,informational,vietnam-visa-fast.com,Legitimate Vietnam Visa Sites: How to Identify Them,en
vietnam visa tips,vietnam visa advice|vietnam visa mistakes,informational,vietnam-visa-fast.com,Vietnam Visa Tips: Avoid Common Mistakes,en
vietnam visa faq,vietnam visa questions|vietnam visa answers,informational,vietnam-visa-fast.com,Vietnam Visa FAQ: Your Questions Answered,en
vietnam visa checklist,vietnam visa documents list|what need vietnam visa,informational,vietnam-visa-fast.com,Vietnam Visa Checklist: Complete Document List,en
vietnam visa interview,vietnam visa questions asked|visa interview vietnam,informational,vietnam-visa-fast.com,Vietnam Visa Interview: What to Expect,en
vietnam visa sponsor,vietnam visa sponsorship|sponsor letter vietnam,informational,vietnam-visa-fast.com,Vietnam Visa Sponsorship: Who Can Sponsor You,en
vietnam visa invitation,vietnam invitation letter|invite someone vietnam,informational,vietnam-visa-fast.com,Vietnam Visa Invitation: How to Invite Someone,en
越南签证最新政策,越南签证新规|越南签证2025,informational,xn--vyzo38a.com,越南签证最新政策：2025年更新,zh
越南免签,越南免签证国家|越南免签入境,informational,xn--vyzo38a.com,越南免签政策：哪些国家免签入境,zh
越南签证照片在线,越南签证证件照|越南签证照片制作,informational,xn--vyzo38a.com,越南签证照片在线制作：标准与工具,zh
越南签证加急费用,越南加急签证价格|越南快速签证多少钱,informational,xn--vyzo38a.com,越南签证加急费用：各类加急价格对比,zh
越南签证当天出签,越南签证一天|越南签证24小时,transactional,xn--vyzo38a.com,越南签证当天出签：紧急办理服务,zh
越南签证网上申请,越南签证在线办理|越南电子签证申请,transactional,xn--vyzo38a.com,越南签证网上申请：完整操作指南,zh
越南签证材料,越南签证需要什么|越南签证文件,informational,xn--vyzo38a.com,越南签证材料清单：申请必备文件,zh
越南签证表格,越南签证申请表|越南签证填写,informational,xn--vyzo38a.com,越南签证表格填写：详细指导,zh
越南入境最新规定,越南入境要求|越南入境政策,informational,xn--vyzo38a.com,越南入境最新规定：当前政策解读,zh
越南海关规定,越南入境物品|越南海关申报,informational,xn--vyzo38a.com,越南海关规定：入境携带物品须知,zh